{"v":"5.12.1","fr":24,"ip":0,"op":144,"w":600,"h":600,"nm":"logos","ddd":0,"assets":[],"layers":[{"ddd":0,"ind":1,"ty":4,"nm":"A 4 Outlines","sr":1,"ks":{"o":{"a":0,"k":100,"ix":11},"r":{"a":0,"k":0,"ix":10},"p":{"a":0,"k":[300,444,0],"ix":2,"l":2},"a":{"a":0,"k":[66.516,0,0],"ix":1,"l":2},"s":{"a":0,"k":[243.855,243.855,100],"ix":6,"l":2}},"ao":0,"shapes":[{"ty":"gr","it":[{"ind":0,"ty":"sh","ix":1,"ks":{"a":1,"k":[{"i":{"x":0.4,"y":1},"o":{"x":0.6,"y":0},"t":0,"s":[{"i":[[0,0],[0,0],[0,0],[0,0],[0,0],[0,0],[0,0],[0,0],[0,0],[0,0],[0,0],[0,0],[0,0],[0,0],[0,0],[0,0],[0,0],[0,0],[0,0],[0,0]],"o":[[0,0],[0,0],[0,0],[0,0],[0,0],[0,0],[0,0],[0,0],[0,0],[0,0],[0,0],[0,0],[0,0],[0,0],[0,0],[0,0],[0,0],[0,0],[0,0],[0,0]],"v":[[108.281,-107.508],[108.281,-129.508],[23.547,-129.508],[23.547,-107.508],[40.82,-107.508],[15.641,-22],[-0.344,-22],[-0.344,0],[56.891,0],[56.891,-22],[39.617,-22],[46.492,-44],[80.094,-44],[86.281,-22],[69.695,-22],[69.695,0],[133.375,0],[133.375,-22],[117.906,-22],[90.836,-107.508]],"c":true}]},{"i":{"x":0.4,"y":1},"o":{"x":0.6,"y":0},"t":36,"s":[{"i":[[0,0],[0,0],[0,0],[0,0],[0,0],[0,0],[0,0],[0,0],[0,0],[0,0],[0,0],[0,0],[0,0],[0,0],[0,0],[0,0],[0,0],[0,0],[0,0],[0,0]],"o":[[0,0],[0,0],[0,0],[0,0],[0,0],[0,0],[0,0],[0,0],[0,0],[0,0],[0,0],[0,0],[0,0],[0,0],[0,0],[0,0],[0,0],[0,0],[0,0],[0,0]],"v":[[72.297,-118.067],[68.094,-129.431],[65.375,-129.431],[60.351,-117.965],[56.403,-107.575],[19.741,-21.856],[14.009,-9.698],[8.883,0],[33.926,0],[38.847,-12.363],[43.513,-24.666],[56.744,-24.316],[69.022,-24.521],[84.846,-24.46],[90.404,-10.723],[94.915,0],[123.533,0],[119.022,-9.288],[114.216,-21.856],[76.893,-107.575]],"c":true}]},{"i":{"x":0.4,"y":1},"o":{"x":0.6,"y":0},"t":72,"s":[{"i":[[0,0],[0,0],[0,0],[0,0],[0,0],[0,0],[8.39,-1.906],[-5.758,0.41],[-6.344,0],[7.165,-0.144],[0,0],[0,0],[0,0],[-1.148,-6.949],[8.101,-0.881],[-3.177,0.41],[-9.005,-0.41],[7.603,0.349],[4.642,8.551],[0,0]],"o":[[0,0],[0,0],[0,0],[0,0],[0,0],[0,0],[-8.39,1.906],[5.758,-0.41],[6.344,0],[-12.519,-0.349],[0,0],[0,0],[0,0],[1.148,6.949],[-8.101,0.881],[3.177,-0.41],[9.005,0.41],[-7.603,-0.349],[-4.642,-8.551],[0,0]],"v":[[78.345,-117.76],[74.45,-129.431],[64.35,-129.431],[59.019,-116.94],[54.148,-107.575],[15.846,-18.719],[0.476,-7.852],[-0.344,0],[39.052,-0.82],[36.387,-8.467],[28.955,-22.061],[35.215,-36.064],[73.738,-35.92],[80.335,-18.431],[69.285,-7.852],[68.055,-0.205],[133.375,-0.41],[129.479,-8.467],[116.061,-24.05],[82.429,-107.575]],"c":true}]},{"i":{"x":0.4,"y":1},"o":{"x":0.6,"y":0},"t":108,"s":[{"i":[[0,0],[0,0],[0,0],[0,0],[0,0],[0,0],[0,0],[0,0],[0,0],[0,0],[0,0],[0,0],[0,0],[0,0],[0,0],[0,0],[0,0],[0,0],[0,0],[0,0]],"o":[[0,0],[0,0],[0,0],[0,0],[0,0],[0,0],[0,0],[0,0],[0,0],[0,0],[0,0],[0,0],[0,0],[0,0],[0,0],[0,0],[0,0],[0,0],[0,0],[0,0]],"v":[[89.828,-107.575],[81.831,-129.431],[52.252,-129.431],[43.846,-107.575],[37.95,-91.72],[11.745,-22.061],[7.243,-10.723],[3.552,0],[31.876,0],[34.951,-7.852],[37.977,-17.079],[42.116,-29.237],[90.505,-29.237],[93.868,-18.985],[97.171,-8.262],[100.451,0],[129.274,0],[126.814,-7.442],[122.417,-22],[95.552,-91.105]],"c":true}]},{"t":143,"s":[{"i":[[0,0],[0,0],[0,0],[0,0],[0,0],[0,0],[0,0],[0,0],[0,0],[0,0],[0,0],[0,0],[0,0],[0,0],[0,0],[0,0],[0,0],[0,0],[0,0],[0,0]],"o":[[0,0],[0,0],[0,0],[0,0],[0,0],[0,0],[0,0],[0,0],[0,0],[0,0],[0,0],[0,0],[0,0],[0,0],[0,0],[0,0],[0,0],[0,0],[0,0],[0,0]],"v":[[108.281,-107.508],[108.281,-129.508],[23.547,-129.508],[23.547,-107.508],[40.82,-107.508],[15.641,-22],[-0.344,-22],[-0.344,0],[56.891,0],[56.891,-22],[39.617,-22],[46.492,-44],[80.094,-44],[86.281,-22],[69.695,-22],[69.695,0],[133.375,0],[133.375,-22],[117.906,-22],[90.836,-107.508]],"c":true}]}],"ix":2},"nm":"A","mn":"ADBE Vector Shape - Group","hd":false},{"ind":1,"ty":"sh","ix":2,"ks":{"a":1,"k":[{"i":{"x":0.4,"y":1},"o":{"x":0.6,"y":0},"t":0,"s":[{"i":[[0,0],[0,0],[0,0]],"o":[[0,0],[0,0],[0,0]],"v":[[74.766,-63.164],[52.25,-63.164],[63.852,-102.266]],"c":true}]},{"i":{"x":0.4,"y":1},"o":{"x":0.6,"y":0},"t":36,"s":[{"i":[[0,0],[0,0],[0,0]],"o":[[0,0],[0,0],[0,0]],"v":[[76.201,-45.121],[53.685,-45.121],[65.082,-74.79]],"c":true}]},{"i":{"x":0.4,"y":1},"o":{"x":0.6,"y":0},"t":72,"s":[{"i":[[0,0],[0,0],[0,0]],"o":[[0,0],[0,0],[0,0]],"v":[[69.435,-44.927],[38.512,-44.916],[54.625,-84.632]],"c":true}]},{"i":{"x":0.4,"y":1},"o":{"x":0.6,"y":0},"t":108,"s":[{"i":[[0,0],[0,0],[0,0]],"o":[[0,0],[0,0],[0,0]],"v":[[82.714,-50.042],[49.497,-50.042],[66.008,-97.345]],"c":true}]},{"t":143,"s":[{"i":[[0,0],[0,0],[0,0]],"o":[[0,0],[0,0],[0,0]],"v":[[74.766,-63.164],[52.25,-63.164],[63.852,-102.266]],"c":true}]}],"ix":2},"nm":"A","mn":"ADBE Vector Shape - Group","hd":false},{"ty":"mm","mm":1,"nm":"Merge Paths 1","mn":"ADBE Vector Filter - Merge","hd":false},{"ty":"fl","c":{"a":0,"k":[1,1,1,1],"ix":4},"o":{"a":0,"k":100,"ix":5},"r":1,"bm":0,"nm":"Fill 1","mn":"ADBE Vector Graphic - Fill","hd":false},{"ty":"tr","p":{"a":0,"k":[0,0],"ix":2},"a":{"a":0,"k":[0,0],"ix":1},"s":{"a":0,"k":[100,100],"ix":3},"r":{"a":0,"k":0,"ix":6},"o":{"a":0,"k":100,"ix":7},"sk":{"a":0,"k":0,"ix":4},"sa":{"a":0,"k":0,"ix":5},"nm":"Transform"}],"nm":"A","np":5,"cix":2,"bm":0,"ix":1,"mn":"ADBE Vector Group","hd":false}],"ip":0,"op":148,"st":0,"ct":1,"bm":0}],"markers":[],"props":{}}