{"v":"5.12.1","fr":24,"ip":0,"op":144,"w":300,"h":300,"nm":"Comp 1","ddd":0,"assets":[{"id":"mask","w":1375,"h":1375,"u":"images/","p":"mask.webp","e":0},{"id":"logos","w":1375,"h":4688,"u":"images/","p":"logos.webp","e":0}],"layers":[{"ddd":0,"ind":1,"ty":2,"nm":"mask.webp","cl":"webp","refId":"mask","sr":1,"ks":{"o":{"a":0,"k":100,"ix":11},"r":{"a":0,"k":0,"ix":10},"p":{"a":0,"k":[150,150,0],"ix":2,"l":2},"a":{"a":0,"k":[687.5,687.5,0],"ix":1,"l":2},"s":{"a":0,"k":[22.327,22.327,100],"ix":6,"l":2}},"ao":0,"ip":0,"op":144,"st":0,"bm":0},{"ddd":0,"ind":2,"ty":2,"nm":"logos.webp","cl":"webp","refId":"logos","sr":1,"ks":{"o":{"a":0,"k":100,"ix":11},"r":{"a":0,"k":0,"ix":10},"p":{"a":1,"k":[{"i":{"x":0.4,"y":1},"o":{"x":0.6,"y":0},"t":0,"s":[150,-192.24,0],"to":[0,0,0],"ti":[0,0,0]},{"t":144,"s":[150,463.24,0]}],"ix":2,"l":2},"a":{"a":0,"k":[687.5,2344,0],"ix":1,"l":2},"s":{"a":0,"k":[21,21,100],"ix":6,"l":2}},"ao":0,"ip":0,"op":144,"st":0,"bm":0}],"markers":[],"props":{}}